id,home_id,year,market_val,assessed_val
0,12,2018,599000,13076.0
1,19,2019,599900,47160.0
2,20,2016,27000000,505682.0
3,20,2015,33000000,477059.0
4,20,2010,26000000,398480.0
5,24,2010,369900,19008.0
6,24,2010,395000,19008.0
7,32,2015,13950000,400426.0
8,32,2010,13950000,333689.0
9,34,2019,750000,6496650.0
10,37,2019,39995000,
11,37,2018,39995000,
12,37,2015,60000000,
13,52,2018,599000,13076.0
14,59,2019,599900,47160.0
15,60,2016,27000000,505682.0
16,60,2015,33000000,477059.0
17,60,2010,26000000,398480.0
18,64,2010,369900,19008.0
19,64,2010,395000,19008.0
20,72,2015,13950000,400426.0
21,72,2010,13950000,333689.0
22,74,2019,750000,6496650.0
23,77,2019,39995000,
24,77,2018,39995000,
25,77,2015,60000000,
26,92,2018,599000,13076.0
27,99,2019,599900,47160.0
28,100,2016,27000000,505682.0
29,100,2015,33000000,477059.0
30,100,2010,26000000,398480.0
31,104,2010,369900,19008.0
32,104,2010,395000,19008.0
33,112,2015,13950000,400426.0
34,112,2010,13950000,333689.0
35,114,2019,750000,6496650.0
36,117,2019,39995000,
37,117,2018,39995000,
38,117,2015,60000000,
39,135,2015,8500000,400623.0
40,138,2017,999999,34629.0
41,140,2019,1799000,78480.0
42,140,2011,1495000,74602.0
43,143,2018,1598700,41968.0
44,143,2018,2099000,41968.0
45,149,2017,79500000,1260000.0
46,149,2016,84500000,1260000.0
47,150,2018,30000,687150.0
48,152,2018,189000,2236950.0
49,155,2011,469000,21841.0
50,157,2019,299000,40200.0
51,175,2015,8500000,400623.0
52,178,2017,999999,34629.0
53,180,2019,1799000,78480.0
54,180,2011,1495000,74602.0
55,183,2018,1598700,41968.0
56,183,2018,2099000,41968.0
57,189,2017,79500000,1260000.0
58,189,2016,84500000,1260000.0
59,190,2018,30000,687150.0
60,192,2018,189000,2236950.0
61,195,2011,469000,21841.0
62,197,2019,299000,40200.0
63,215,2015,8500000,400623.0
64,218,2017,999999,34629.0
65,220,2019,1799000,78480.0
66,220,2011,1495000,74602.0
67,223,2018,1598700,41968.0
68,223,2018,2099000,41968.0
69,229,2017,79500000,1260000.0
70,229,2016,84500000,1260000.0
71,230,2018,30000,687150.0
72,232,2018,189000,2236950.0
73,235,2011,469000,21841.0
74,237,2019,299000,40200.0
75,242,2010,379000,
76,253,2018,199900,13860.0
77,253,2014,214900,14760.0
78,253,2013,214900,14160.0
79,253,2013,214900,14160.0
80,253,2013,214900,14160.0
81,254,2019,154900,30600.0
82,254,2019,154900,30600.0
83,254,2017,null,30403.0
84,254,2014,64000,24638.0
85,254,2013,55000,25397.0
86,255,2009,459000,20160.0
87,256,2013,649900,25003.0
88,257,2014,450000,15303.0
89,258,2019,1980000,72300.0
90,263,2014,13250000,343128.0
91,266,2018,679000,26374.0
92,266,2010,415000,20464.0
93,271,2019,2999999,159300.0
94,272,2019,599900,33600.0
95,272,2018,639999,30356.0
96,272,2014,449000,26760.0
97,275,2017,439900,17784.0
98,275,2009,379000,16104.0
99,277,2019,279000,39660.0
100,280,2013,3800000,73778.0
101,282,2010,379000,
102,293,2018,199900,13860.0
103,293,2014,214900,14760.0
104,293,2013,214900,14160.0
105,293,2013,214900,14160.0
106,293,2013,214900,14160.0
107,294,2019,154900,30600.0
108,294,2019,154900,30600.0
109,294,2017,null,30403.0
110,294,2014,64000,24638.0
111,294,2013,55000,25397.0
112,295,2009,459000,20160.0
113,296,2013,649900,25003.0
114,297,2014,450000,15303.0
115,298,2019,1980000,72300.0
116,303,2014,13250000,343128.0
117,306,2018,679000,26374.0
118,306,2010,415000,20464.0
119,311,2019,2999999,159300.0
120,312,2019,599900,33600.0
121,312,2018,639999,30356.0
122,312,2014,449000,26760.0
123,315,2017,439900,17784.0
124,315,2009,379000,16104.0
125,317,2019,279000,39660.0
126,320,2013,3800000,73778.0
127,322,2010,379000,
128,333,2018,199900,13860.0
129,333,2014,214900,14760.0
130,333,2013,214900,14160.0
131,333,2013,214900,14160.0
132,333,2013,214900,14160.0
133,334,2019,154900,30600.0
134,334,2019,154900,30600.0
135,334,2017,null,30403.0
136,334,2014,64000,24638.0
137,334,2013,55000,25397.0
138,335,2009,459000,20160.0
139,336,2013,649900,25003.0
140,337,2014,450000,15303.0
141,338,2019,1980000,72300.0
142,343,2014,13250000,343128.0
143,346,2018,679000,26374.0
144,346,2010,415000,20464.0
145,351,2019,2999999,159300.0
146,352,2019,599900,33600.0
147,352,2018,639999,30356.0
148,352,2014,449000,26760.0
149,355,2017,439900,17784.0
150,355,2009,379000,16104.0
151,357,2019,279000,39660.0
152,360,2013,3800000,73778.0
153,361,2019,689999,31440.0
154,361,2018,589000,21979.0
155,361,2018,589000,21979.0
156,363,2018,1565000,33720.0
157,363,2017,1665000,33962.0
158,363,2014,1198000,32595.0
159,363,2012,1250000,29012.0
160,365,2019,360000,36240.0
161,365,2019,360000,36240.0
162,365,2019,null,36240.0
163,365,2018,599000,28583.0
164,365,2017,499000,26966.0
165,372,2019,50000000,6422850.0
166,377,2019,800000,32040.0
167,377,2019,850000,32040.0
168,378,2019,327000,31320.0
169,378,2012,359000,12838.0
170,378,2012,252000,12838.0
171,379,2013,569000,30780.0
172,384,2019,2000000,19155150.0
173,384,2018,2995000,18315450.0
174,384,2018,2995000,18315450.0
175,385,2011,2995000,47475.0
176,390,2019,58500000,1960431.0
177,390,2019,58500000,1960431.0
178,392,2010,590000,
179,395,2019,412000,43620.0
180,395,2018,225000,31380.0
181,395,2018,350000,31380.0
182,395,2017,350000,30688.0
183,395,2014,399000,28440.0
184,397,2019,199000,27240.0
185,397,2019,199000,27240.0
186,399,2017,5250000,400234.0
187,399,2016,5595000,400234.0
188,400,2018,450000,24715.0
189,401,2019,689999,31440.0
190,401,2018,589000,21979.0
191,401,2018,589000,21979.0
192,403,2018,1565000,33720.0
193,403,2017,1665000,33962.0
194,403,2014,1198000,32595.0
195,403,2012,1250000,29012.0
196,405,2019,360000,36240.0
197,405,2019,360000,36240.0
198,405,2019,null,36240.0
199,405,2018,599000,28583.0
200,405,2017,499000,26966.0
201,412,2019,50000000,6422850.0
202,417,2019,800000,32040.0
203,417,2019,850000,32040.0
204,418,2019,327000,31320.0
205,418,2012,359000,12838.0
206,418,2012,252000,12838.0
207,419,2013,569000,30780.0
208,424,2019,2000000,19155150.0
209,424,2018,2995000,18315450.0
210,424,2018,2995000,18315450.0
211,425,2011,2995000,47475.0
212,430,2019,58500000,1960431.0
213,430,2019,58500000,1960431.0
214,432,2010,590000,
215,435,2019,412000,43620.0
216,435,2018,225000,31380.0
217,435,2018,350000,31380.0
218,435,2017,350000,30688.0
219,435,2014,399000,28440.0
220,437,2019,199000,27240.0
221,437,2019,199000,27240.0
222,439,2017,5250000,400234.0
223,439,2016,5595000,400234.0
224,440,2018,450000,24715.0
225,441,2019,689999,31440.0
226,441,2018,589000,21979.0
227,441,2018,589000,21979.0
228,443,2018,1565000,33720.0
229,443,2017,1665000,33962.0
230,443,2014,1198000,32595.0
231,443,2012,1250000,29012.0
232,445,2019,360000,36240.0
233,445,2019,360000,36240.0
234,445,2019,null,36240.0
235,445,2018,599000,28583.0
236,445,2017,499000,26966.0
237,452,2019,50000000,6422850.0
238,457,2019,800000,32040.0
239,457,2019,850000,32040.0
240,458,2019,327000,31320.0
241,458,2012,359000,12838.0
242,458,2012,252000,12838.0
243,459,2013,569000,30780.0
244,464,2019,2000000,19155150.0
245,464,2018,2995000,18315450.0
246,464,2018,2995000,18315450.0
247,465,2011,2995000,47475.0
248,470,2019,58500000,1960431.0
249,470,2019,58500000,1960431.0
250,472,2010,590000,
251,475,2019,412000,43620.0
252,475,2018,225000,31380.0
253,475,2018,350000,31380.0
254,475,2017,350000,30688.0
255,475,2014,399000,28440.0
256,477,2019,199000,27240.0
257,477,2019,199000,27240.0
258,479,2017,5250000,400234.0
259,479,2016,5595000,400234.0
260,480,2018,450000,24715.0
261,488,2019,92500,1698300.0
262,497,2012,485000,26679.0
263,500,2015,185000,19076.0
264,501,2019,1490000,60600.0
265,501,2018,1348200,25437.0
266,505,2014,340000,20901.0
267,509,2018,614000,26496.0
268,509,2018,614000,26496.0
269,509,2014,399000,22080.0
270,518,2018,599000,20780.0
271,518,2017,599000,19704.0
272,518,2016,399000,19704.0
273,518,2015,485000,19284.0
274,518,2013,435000,17317.0
275,519,2011,410000,905850.0
276,520,2018,425000,12816.0
277,520,2011,335000,10740.0
278,520,2011,360000,10740.0
279,528,2019,92500,1698300.0
280,537,2012,485000,26679.0
281,540,2015,185000,19076.0
282,541,2019,1490000,60600.0
283,541,2018,1348200,25437.0
284,545,2014,340000,20901.0
285,549,2018,614000,26496.0
286,549,2018,614000,26496.0
287,549,2014,399000,22080.0
288,558,2018,599000,20780.0
289,558,2017,599000,19704.0
290,558,2016,399000,19704.0
291,558,2015,485000,19284.0
292,558,2013,435000,17317.0
293,559,2011,410000,905850.0
294,560,2018,425000,12816.0
295,560,2011,335000,10740.0
296,560,2011,360000,10740.0
297,568,2019,92500,1698300.0
298,577,2012,485000,26679.0
299,580,2015,185000,19076.0
300,581,2019,1490000,60600.0
301,581,2018,1348200,25437.0
302,585,2014,340000,20901.0
303,589,2018,614000,26496.0
304,589,2018,614000,26496.0
305,589,2014,399000,22080.0
306,598,2018,599000,20780.0
307,598,2017,599000,19704.0
308,598,2016,399000,19704.0
309,598,2015,485000,19284.0
310,598,2013,435000,17317.0
311,599,2011,410000,905850.0
312,600,2018,425000,12816.0
313,600,2011,335000,10740.0
314,600,2011,360000,10740.0
315,605,2012,289000,10795.0
316,605,2012,299999,10795.0
317,618,2018,5950000,390573.0
318,620,2019,null,19020.0
319,620,2017,225000,10059.0
320,620,2017,245000,10059.0
321,620,2016,249000,9492.0
322,620,2015,149000,9478.0
323,623,2017,3675000,86786.0
324,624,2019,null,28320.0
325,624,2019,160000,28320.0
326,624,2018,349000,21300.0
327,626,2017,549999,22510.0
328,628,2019,12885000,224160.0
329,628,2018,15000000,180037.0
330,637,2018,575000,5885100.0
331,639,2013,440000,23604.0
332,645,2012,289000,10795.0
333,645,2012,299999,10795.0
334,658,2018,5950000,390573.0
335,660,2019,null,19020.0
336,660,2017,225000,10059.0
337,660,2017,245000,10059.0
338,660,2016,249000,9492.0
339,660,2015,149000,9478.0
340,663,2017,3675000,86786.0
341,664,2019,null,28320.0
342,664,2019,160000,28320.0
343,664,2018,349000,21300.0
344,666,2017,549999,22510.0
345,668,2019,12885000,224160.0
346,668,2018,15000000,180037.0
347,677,2018,575000,5885100.0
348,679,2013,440000,23604.0
349,685,2012,289000,10795.0
350,685,2012,299999,10795.0
351,698,2018,5950000,390573.0
352,700,2019,null,19020.0
353,700,2017,225000,10059.0
354,700,2017,245000,10059.0
355,700,2016,249000,9492.0
356,700,2015,149000,9478.0
357,703,2017,3675000,86786.0
358,704,2019,null,28320.0
359,704,2019,160000,28320.0
360,704,2018,349000,21300.0
361,706,2017,549999,22510.0
362,708,2019,12885000,224160.0
363,708,2018,15000000,180037.0
364,717,2018,575000,5885100.0
365,719,2013,440000,23604.0
366,728,2009,749000,
367,729,2019,699000,46800.0
368,734,2016,1995000,45602.0
369,735,2013,339000,20514.0
370,744,2019,579000,36900.0
371,744,2016,559000,29460.0
372,744,2011,499000,25435.0
373,750,2019,1299000,192088.0
374,750,2012,869000,94332.0
375,751,2018,499000,27033.0
376,752,2012,38900000,19076.0
377,752,2011,429000,18360.0
378,752,2011,449000,18360.0
379,753,2018,329000,14505.0
380,753,2017,329000,13684.0
381,755,2019,153700,8400.0
382,755,2018,153700,8520.0
383,755,2018,null,8520.0
384,755,2016,169000,16687.0
385,755,2016,169000,16687.0
386,755,2014,169000,15374.0
387,755,2010,259000,13478.0
388,758,2018,749000,24645.0
389,768,2009,749000,
390,769,2019,699000,46800.0
391,774,2016,1995000,45602.0
392,775,2013,339000,20514.0
393,784,2019,579000,36900.0
394,784,2016,559000,29460.0
395,784,2011,499000,25435.0
396,790,2019,1299000,192088.0
397,790,2012,869000,94332.0
398,791,2018,499000,27033.0
399,792,2012,38900000,19076.0
400,792,2011,429000,18360.0
401,792,2011,449000,18360.0
402,793,2018,329000,14505.0
403,793,2017,329000,13684.0
404,795,2019,153700,8400.0
405,795,2018,153700,8520.0
406,795,2018,null,8520.0
407,795,2016,169000,16687.0
408,795,2016,169000,16687.0
409,795,2014,169000,15374.0
410,795,2010,259000,13478.0
411,798,2018,749000,24645.0
412,808,2009,749000,
413,809,2019,699000,46800.0
414,814,2016,1995000,45602.0
415,815,2013,339000,20514.0
416,824,2019,579000,36900.0
417,824,2016,559000,29460.0
418,824,2011,499000,25435.0
419,830,2019,1299000,192088.0
420,830,2012,869000,94332.0
421,831,2018,499000,27033.0
422,832,2012,38900000,19076.0
423,832,2011,429000,18360.0
424,832,2011,449000,18360.0
425,833,2018,329000,14505.0
426,833,2017,329000,13684.0
427,835,2019,153700,8400.0
428,835,2018,153700,8520.0
429,835,2018,null,8520.0
430,835,2016,169000,16687.0
431,835,2016,169000,16687.0
432,835,2014,169000,15374.0
433,835,2010,259000,13478.0
434,838,2018,749000,24645.0
435,844,2017,9995000,188901.0
436,846,2018,509000,16200.0
437,846,2017,349000,16123.0
438,855,2019,260000,1466100.0
439,863,2019,2995000,92880.0
440,864,2011,425000,9304.0
441,864,2011,445000,9304.0
442,868,2015,1799000,220942.0
443,879,2017,1299000,57028.0
444,884,2017,9995000,188901.0
445,886,2018,509000,16200.0
446,886,2017,349000,16123.0
447,895,2019,260000,1466100.0
448,903,2019,2995000,92880.0
449,904,2011,425000,9304.0
450,904,2011,445000,9304.0
451,908,2015,1799000,220942.0
452,919,2017,1299000,57028.0
453,924,2017,9995000,188901.0
454,926,2018,509000,16200.0
455,926,2017,349000,16123.0
456,935,2019,260000,1466100.0
457,943,2019,2995000,92880.0
458,944,2011,425000,9304.0
459,944,2011,445000,9304.0
460,948,2015,1799000,220942.0
461,959,2017,1299000,57028.0
462,965,2010,529999,12626.0
463,968,2019,485000,16124400.0
464,970,2019,1595000,265057.0
465,970,2017,2050000,238937.0
466,972,2018,29500000,1413293.0
467,973,2018,null,25987.0
468,973,2011,249000,20040.0
469,975,2016,429000,17733.0
470,982,2019,2188000,128040.0
471,986,2011,949000,33177.0
472,996,2019,798000,28860.0
473,998,2018,5250000,31104.0
474,998,2017,4495000,31104.0
475,998,2012,2150000,25920.0
476,1000,2017,730000,75081.0
477,1005,2010,529999,12626.0
478,1008,2019,485000,16124400.0
479,1010,2019,1595000,265057.0
480,1010,2017,2050000,238937.0
481,1012,2018,29500000,1413293.0
482,1013,2018,null,25987.0
483,1013,2011,249000,20040.0
484,1015,2016,429000,17733.0
485,1022,2019,2188000,128040.0
486,1026,2011,949000,33177.0
487,1036,2019,798000,28860.0
488,1038,2018,5250000,31104.0
489,1038,2017,4495000,31104.0
490,1038,2012,2150000,25920.0
491,1040,2017,730000,75081.0
492,1045,2010,529999,12626.0
493,1048,2019,485000,16124400.0
494,1050,2019,1595000,265057.0
495,1050,2017,2050000,238937.0
496,1052,2018,29500000,1413293.0
497,1053,2018,null,25987.0
498,1053,2011,249000,20040.0
499,1055,2016,429000,17733.0
500,1062,2019,2188000,128040.0
501,1066,2011,949000,33177.0
502,1076,2019,798000,28860.0
503,1078,2018,5250000,31104.0
504,1078,2017,4495000,31104.0
505,1078,2012,2150000,25920.0
506,1080,2017,730000,75081.0
507,1093,2018,299000,6571800.0
508,1100,2019,85000,427050.0
509,1103,2019,5950000,416100.0
510,1103,2016,5975000,120449.0
511,1105,2017,570000,27775.0
512,1105,2011,540000,28740.0
513,1107,2015,260000,7920.0
514,1117,2011,498000,9478.0
515,1133,2018,299000,6571800.0
516,1140,2019,85000,427050.0
517,1143,2019,5950000,416100.0
518,1143,2016,5975000,120449.0
519,1145,2017,570000,27775.0
520,1145,2011,540000,28740.0
521,1147,2015,260000,7920.0
522,1157,2011,498000,9478.0
523,1173,2018,299000,6571800.0
524,1180,2019,85000,427050.0
525,1183,2019,5950000,416100.0
526,1183,2016,5975000,120449.0
527,1185,2017,570000,27775.0
528,1185,2011,540000,28740.0
529,1187,2015,260000,7920.0
530,1197,2011,498000,9478.0
531,1201,2019,1100000,57960.0
532,1203,2010,529000,26160.0
533,1209,2019,378411,34860.0
534,1209,2019,null,34860.0
535,1215,2011,699000,6837.0
536,1215,2010,765000,6450.0
537,1217,2019,799999,41160.0
538,1217,2009,699900,27900.0
539,1223,2019,2195000,86100.0
540,1223,2018,2288000,65808.0
541,1223,2010,1698000,58440.0
542,1223,2010,1698000,58440.0
543,1227,2015,600000,22492.0
544,1233,2019,28000000,490560.0
545,1233,2011,8500000,207100.0
546,1241,2019,1100000,57960.0
547,1243,2010,529000,26160.0
548,1249,2019,378411,34860.0
549,1249,2019,null,34860.0
550,1255,2011,699000,6837.0
551,1255,2010,765000,6450.0
552,1257,2019,799999,41160.0
553,1257,2009,699900,27900.0
554,1263,2019,2195000,86100.0
555,1263,2018,2288000,65808.0
556,1263,2010,1698000,58440.0
557,1263,2010,1698000,58440.0
558,1267,2015,600000,22492.0
559,1273,2019,28000000,490560.0
560,1273,2011,8500000,207100.0
561,1281,2019,1100000,57960.0
562,1283,2010,529000,26160.0
563,1289,2019,378411,34860.0
564,1289,2019,null,34860.0
565,1295,2011,699000,6837.0
566,1295,2010,765000,6450.0
567,1297,2019,799999,41160.0
568,1297,2009,699900,27900.0
569,1303,2019,2195000,86100.0
570,1303,2018,2288000,65808.0
571,1303,2010,1698000,58440.0
572,1303,2010,1698000,58440.0
573,1307,2015,600000,22492.0
574,1313,2019,28000000,490560.0
575,1313,2011,8500000,207100.0
576,1329,2015,8000000,414752.0
577,1331,2015,2400000,27147.0
578,1336,2019,689000,41160.0
579,1344,2011,399000,23037.0
580,1344,2011,399000,23037.0
581,1351,2011,324900,18120.0
582,1354,2019,null,50880.0
583,1369,2015,8000000,414752.0
584,1371,2015,2400000,27147.0
585,1376,2019,689000,41160.0
586,1384,2011,399000,23037.0
587,1384,2011,399000,23037.0
588,1391,2011,324900,18120.0
589,1394,2019,null,50880.0
590,1409,2015,8000000,414752.0
591,1411,2015,2400000,27147.0
592,1416,2019,689000,41160.0
593,1424,2011,399000,23037.0
594,1424,2011,399000,23037.0
595,1431,2011,324900,18120.0
596,1434,2019,null,50880.0
597,1441,2019,649000,25800.0
598,1441,2009,319000,14929.0
599,1442,2018,485000,21653.0
600,1456,2017,5950000,68078.0
601,1456,2016,8500000,67748.0
602,1456,2013,3980000,60116.0
603,1456,2012,3229000,56732.0
604,1458,2015,480000,19905.0
605,1458,2013,410000,17763.0
606,1458,2012,399000,17017.0
607,1466,2019,null,34380.0
608,1466,2009,499000,20319.0
609,1481,2019,649000,25800.0
610,1481,2009,319000,14929.0
611,1482,2018,485000,21653.0
612,1496,2017,5950000,68078.0
613,1496,2016,8500000,67748.0
614,1496,2013,3980000,60116.0
615,1496,2012,3229000,56732.0
616,1498,2015,480000,19905.0
617,1498,2013,410000,17763.0
618,1498,2012,399000,17017.0
619,1506,2019,null,34380.0
620,1506,2009,499000,20319.0
621,1521,2019,649000,25800.0
622,1521,2009,319000,14929.0
623,1522,2018,485000,21653.0
624,1536,2017,5950000,68078.0
625,1536,2016,8500000,67748.0
626,1536,2013,3980000,60116.0
627,1536,2012,3229000,56732.0
628,1538,2015,480000,19905.0
629,1538,2013,410000,17763.0
630,1538,2012,399000,17017.0
631,1546,2019,null,34380.0
632,1546,2009,499000,20319.0
633,1573,2008,1575000,12565.0
634,1576,2019,485000,24780.0
635,1581,2019,795000,43980.0
636,1591,2010,2350,
637,1592,2019,269000,28980.0
638,1592,2019,500000,28980.0
639,1592,2018,null,23803.0
640,1592,2017,null,22456.0
641,1594,2013,450000,22320.0
642,1596,2019,null,36360.0
643,1597,2019,858000,141268.0
644,1597,2018,898888,121049.0
645,1597,2017,1012000,114678.0
646,1597,2011,759000,97126.0
647,1613,2008,1575000,12565.0
648,1616,2019,485000,24780.0
649,1621,2019,795000,43980.0
650,1631,2010,2350,
651,1632,2019,269000,28980.0
652,1632,2019,500000,28980.0
653,1632,2018,null,23803.0
654,1632,2017,null,22456.0
655,1634,2013,450000,22320.0
656,1636,2019,null,36360.0
657,1637,2019,858000,141268.0
658,1637,2018,898888,121049.0
659,1637,2017,1012000,114678.0
660,1637,2011,759000,97126.0
661,1653,2008,1575000,12565.0
662,1656,2019,485000,24780.0
663,1661,2019,795000,43980.0
664,1671,2010,2350,
665,1672,2019,269000,28980.0
666,1672,2019,500000,28980.0
667,1672,2018,null,23803.0
668,1672,2017,null,22456.0
669,1674,2013,450000,22320.0
670,1676,2019,null,36360.0
671,1677,2019,858000,141268.0
672,1677,2018,898888,121049.0
673,1677,2017,1012000,114678.0
674,1677,2011,759000,97126.0
675,1681,2019,495000,25740.0
676,1681,2017,499000,14976.0
677,1688,2019,580000,31500.0
678,1688,2016,400000,12688.0
679,1695,2018,2750000,71570.0
680,1695,2015,2700000,63699.0
681,1698,2011,369000,19671.0
682,1704,2019,599900,32460.0
683,1704,2017,500000,21630.0
684,1704,2017,459999,21630.0
685,1704,2013,15000,18025.0
686,1704,2013,149000,18025.0
687,1704,2012,149000,18025.0
688,1704,2010,375000,16876.0
689,1704,2009,419000,15921.0
690,1708,2018,35000000,721612.0
691,1712,2019,1130000,58140.0
692,1712,2017,868000,34006.0
693,1713,2019,190000,26760.0
694,1716,2015,270000,13263.0
695,1721,2019,495000,25740.0
696,1721,2017,499000,14976.0
697,1728,2019,580000,31500.0
698,1728,2016,400000,12688.0
699,1735,2018,2750000,71570.0
700,1735,2015,2700000,63699.0
701,1738,2011,369000,19671.0
702,1744,2019,599900,32460.0
703,1744,2017,500000,21630.0
704,1744,2017,459999,21630.0
705,1744,2013,15000,18025.0
706,1744,2013,149000,18025.0
707,1744,2012,149000,18025.0
708,1744,2010,375000,16876.0
709,1744,2009,419000,15921.0
710,1748,2018,35000000,721612.0
711,1752,2019,1130000,58140.0
712,1752,2017,868000,34006.0
713,1753,2019,190000,26760.0
714,1756,2015,270000,13263.0
715,1761,2019,495000,25740.0
716,1761,2017,499000,14976.0
717,1768,2019,580000,31500.0
718,1768,2016,400000,12688.0
719,1775,2018,2750000,71570.0
720,1775,2015,2700000,63699.0
721,1778,2011,369000,19671.0
722,1784,2019,599900,32460.0
723,1784,2017,500000,21630.0
724,1784,2017,459999,21630.0
725,1784,2013,15000,18025.0
726,1784,2013,149000,18025.0
727,1784,2012,149000,18025.0
728,1784,2010,375000,16876.0
729,1784,2009,419000,15921.0
730,1788,2018,35000000,721612.0
731,1792,2019,1130000,58140.0
732,1792,2017,868000,34006.0
733,1793,2019,190000,26760.0
734,1796,2015,270000,13263.0
735,1806,2014,1350000,21544.0
736,1808,2018,1499000,12330.0
737,1808,2016,1150000,11643.0
738,1815,2019,595000,26340.0
739,1815,2019,620000,26340.0
740,1819,2016,26000000,218070.0
741,1820,2019,579000,29220.0
742,1820,2015,329000,18960.0
743,1824,2011,518000,71621.0
744,1825,2012,379000,20304.0
745,1825,2011,349000,19155.0
746,1827,2019,1800000,17348850.0
747,1827,2019,1850000,17348850.0
748,1827,2018,2595000,16814250.0
749,1829,2016,1400000,108624.0
750,1834,2014,197500,9676.0
751,1835,2019,4495000,116220.0
752,1835,2015,1000000,58179.0
753,1840,2014,649000,23296.0
754,1846,2014,1350000,21544.0
755,1848,2018,1499000,12330.0
756,1848,2016,1150000,11643.0
757,1855,2019,595000,26340.0
758,1855,2019,620000,26340.0
759,1859,2016,26000000,218070.0
760,1860,2019,579000,29220.0
761,1860,2015,329000,18960.0
762,1864,2011,518000,71621.0
763,1865,2012,379000,20304.0
764,1865,2011,349000,19155.0
765,1867,2019,1800000,17348850.0
766,1867,2019,1850000,17348850.0
767,1867,2018,2595000,16814250.0
768,1869,2016,1400000,108624.0
769,1874,2014,197500,9676.0
770,1875,2019,4495000,116220.0
771,1875,2015,1000000,58179.0
772,1880,2014,649000,23296.0
773,1886,2014,1350000,21544.0
774,1888,2018,1499000,12330.0
775,1888,2016,1150000,11643.0
776,1895,2019,595000,26340.0
777,1895,2019,620000,26340.0
778,1899,2016,26000000,218070.0
779,1900,2019,579000,29220.0
780,1900,2015,329000,18960.0
781,1904,2011,518000,71621.0
782,1905,2012,379000,20304.0
783,1905,2011,349000,19155.0
784,1907,2019,1800000,17348850.0
785,1907,2019,1850000,17348850.0
786,1907,2018,2595000,16814250.0
787,1909,2016,1400000,108624.0
788,1914,2014,197500,9676.0
789,1915,2019,4495000,116220.0
790,1915,2015,1000000,58179.0
791,1920,2014,649000,23296.0
792,1924,2016,950000,29378.0
793,1926,2011,320000,13971.0
794,1940,2015,2695000,25677.0
795,1944,2016,1349000,33993.0
796,1944,2014,1100000,30550.0
797,1946,2018,630000,26296.0
798,1946,2018,620000,26296.0
799,1946,2018,720000,26296.0
800,1949,2013,449000,18060.0
801,1949,2011,449000,19353.0
802,1949,2011,339500,19353.0
803,1950,2017,499000,7790.0
804,1950,2016,210000,7372.0
805,1950,2010,199000,6136.0
806,1953,2010,1449000,
807,1953,2010,1449000,
808,1957,2018,3975000,78063.0
809,1959,2019,1299000,18610200.0
810,1960,2019,830000,42300.0
811,1964,2016,950000,29378.0
812,1966,2011,320000,13971.0
813,1980,2015,2695000,25677.0
814,1984,2016,1349000,33993.0
815,1984,2014,1100000,30550.0
816,1986,2018,630000,26296.0
817,1986,2018,620000,26296.0
818,1986,2018,720000,26296.0
819,1989,2013,449000,18060.0
820,1989,2011,449000,19353.0
821,1989,2011,339500,19353.0
822,1990,2017,499000,7790.0
823,1990,2016,210000,7372.0
824,1990,2010,199000,6136.0
825,1993,2010,1449000,
826,1993,2010,1449000,
827,1997,2018,3975000,78063.0
828,1999,2019,1299000,18610200.0
829,2000,2019,830000,42300.0
830,2004,2016,950000,29378.0
831,2006,2011,320000,13971.0
832,2020,2015,2695000,25677.0
833,2024,2016,1349000,33993.0
834,2024,2014,1100000,30550.0
835,2026,2018,630000,26296.0
836,2026,2018,620000,26296.0
837,2026,2018,720000,26296.0
838,2029,2013,449000,18060.0
839,2029,2011,449000,19353.0
840,2029,2011,339500,19353.0
841,2030,2017,499000,7790.0
842,2030,2016,210000,7372.0
843,2030,2010,199000,6136.0
844,2033,2010,1449000,
845,2033,2010,1449000,
846,2037,2018,3975000,78063.0
847,2039,2019,1299000,18610200.0
848,2040,2019,830000,42300.0
849,2043,2010,19000000,213413.0
850,2048,2019,13950000,484440.0
851,2048,2016,13750000,148683.0
852,2052,2019,1200000,63480.0
853,2055,2016,525000,39048.0
854,2056,2019,175000,9240.0
855,2057,2017,11580000,352563.0
856,2057,2017,12500000,352563.0
857,2057,2012,10000000,293803.0
858,2057,2010,15500000,272341.0
859,2066,2013,2488000,71745.0
860,2069,2019,12500000,942417.0
861,2069,2018,13500000,897393.0
862,2069,2017,13900000,843066.0
863,2069,2016,13900000,842670.0
864,2075,2019,684900,37320.0
865,2075,2016,404900,28044.0
866,2080,2019,550000,27180.0
867,2083,2010,19000000,213413.0
868,2088,2019,13950000,484440.0
869,2088,2016,13750000,148683.0
870,2092,2019,1200000,63480.0
871,2095,2016,525000,39048.0
872,2096,2019,175000,9240.0
873,2097,2017,11580000,352563.0
874,2097,2017,12500000,352563.0
875,2097,2012,10000000,293803.0
876,2097,2010,15500000,272341.0
877,2106,2013,2488000,71745.0
878,2109,2019,12500000,942417.0
879,2109,2018,13500000,897393.0
880,2109,2017,13900000,843066.0
881,2109,2016,13900000,842670.0
882,2115,2019,684900,37320.0
883,2115,2016,404900,28044.0
884,2120,2019,550000,27180.0
885,2123,2010,19000000,213413.0
886,2128,2019,13950000,484440.0
887,2128,2016,13750000,148683.0
888,2132,2019,1200000,63480.0
889,2135,2016,525000,39048.0
890,2136,2019,175000,9240.0
891,2137,2017,11580000,352563.0
892,2137,2017,12500000,352563.0
893,2137,2012,10000000,293803.0
894,2137,2010,15500000,272341.0
895,2146,2013,2488000,71745.0
896,2149,2019,12500000,942417.0
897,2149,2018,13500000,897393.0
898,2149,2017,13900000,843066.0
899,2149,2016,13900000,842670.0
900,2155,2019,684900,37320.0
901,2155,2016,404900,28044.0
902,2160,2019,550000,27180.0
903,2168,2011,575000,655980.0
904,2173,2009,995000,
905,2174,2015,649000,31020.0
906,2178,2011,645000,59794.0
907,2178,2011,669000,59794.0
908,2179,2019,529750,4680450.0
909,2187,2019,330000,2483550.0
910,2189,2018,20000000,605072.0
911,2189,2014,23000000,508032.0
912,2208,2011,575000,655980.0
913,2213,2009,995000,
914,2214,2015,649000,31020.0
915,2218,2011,645000,59794.0
916,2218,2011,669000,59794.0
917,2219,2019,529750,4680450.0
918,2227,2019,330000,2483550.0
919,2229,2018,20000000,605072.0
920,2229,2014,23000000,508032.0
921,2248,2011,575000,655980.0
922,2253,2009,995000,
923,2254,2015,649000,31020.0
924,2258,2011,645000,59794.0
925,2258,2011,669000,59794.0
926,2259,2019,529750,4680450.0
927,2267,2019,330000,2483550.0
928,2269,2018,20000000,605072.0
929,2269,2014,23000000,508032.0
930,2281,2011,329000,16264.0
931,2290,2019,899000,46920.0
932,2290,2019,899000,46920.0
933,2291,2018,39000000,1501164.0
934,2293,2019,689000,33120.0
935,2293,2010,425000,21542.0
936,2293,2010,439000,21542.0
937,2295,2019,1068888,41220.0
938,2299,2019,1700000,90600.0
939,2305,2019,759000,42720.0
940,2305,2016,699000,29055.0
941,2305,2016,729000,29055.0
942,2307,2018,665000,16224750.0
943,2313,2019,3395000,149520.0
944,2313,2018,3600000,39996.0
945,2313,2014,3100000,34449.0
946,2313,2006,2600000,11114.0
947,2314,2016,9850000,108507.0
948,2314,2014,7500000,101349.0
949,2321,2011,329000,16264.0
950,2330,2019,899000,46920.0
951,2330,2019,899000,46920.0
952,2331,2018,39000000,1501164.0
953,2333,2019,689000,33120.0
954,2333,2010,425000,21542.0
955,2333,2010,439000,21542.0
956,2335,2019,1068888,41220.0
957,2339,2019,1700000,90600.0
958,2345,2019,759000,42720.0
959,2345,2016,699000,29055.0
960,2345,2016,729000,29055.0
961,2347,2018,665000,16224750.0
962,2353,2019,3395000,149520.0
963,2353,2018,3600000,39996.0
964,2353,2014,3100000,34449.0
965,2353,2006,2600000,11114.0
966,2354,2016,9850000,108507.0
967,2354,2014,7500000,101349.0
968,2361,2011,329000,16264.0
969,2370,2019,899000,46920.0
970,2370,2019,899000,46920.0
971,2371,2018,39000000,1501164.0
972,2373,2019,689000,33120.0
973,2373,2010,425000,21542.0
974,2373,2010,439000,21542.0
975,2375,2019,1068888,41220.0
976,2379,2019,1700000,90600.0
977,2385,2019,759000,42720.0
978,2385,2016,699000,29055.0
979,2385,2016,729000,29055.0
980,2387,2018,665000,16224750.0
981,2393,2019,3395000,149520.0
982,2393,2018,3600000,39996.0
983,2393,2014,3100000,34449.0
984,2393,2006,2600000,11114.0
985,2394,2016,9850000,108507.0
986,2394,2014,7500000,101349.0
987,2403,2019,357000,323379.0
988,2405,2017,645000,335368.0
989,2407,2014,449900,379370.0
990,2407,2014,475000,379370.0
991,2416,2019,14900000,5096400.0
992,2416,2013,9700000,4709143.0
993,2422,2010,257000,263021.0
994,2423,2010,1250000,950000.0
995,2425,2017,225000,175039.0
996,2428,2013,438000,416009.0
997,2428,2012,435000,378190.0
998,2428,2011,474388,378190.0
999,2430,2018,219950,168687.0
1000,2434,2019,273000,219096.0
1001,2434,2013,154200,112157.0
1002,2438,2017,229900,199108.0
1003,2439,2012,175000,181592.0
1004,2443,2014,775000,705631.0
1005,2443,2010,629000,630517.0
1006,2446,2018,287000,268841.0
1007,2446,2014,243050,55361.0
1008,2447,2010,399000,278368.0
1009,2451,2018,499997,524376.0
1010,2452,2010,329000,305186.0
1011,2453,2010,1299,207293.0
1012,2453,2010,1499,207293.0
1013,2454,2017,415000,372000.0
1014,2454,2014,385000,304560.0
1015,2455,2013,740000,452671.0
1016,2456,2018,325000,374981.0
1017,2457,2019,60000,30000.0
1018,2457,2015,39000,30000.0
1019,2461,2015,398900,280000.0
1020,2461,2014,305000,235765.0
1021,2463,2019,375000,349793.0
1022,2463,2009,285000,199130.0
1023,2464,2009,1799,249320.0
1024,2467,2011,205000,215501.0
1025,2467,2010,249900,215501.0
1026,2468,2013,289000,280104.0
1027,2468,2011,320000,280104.0
1028,2472,2019,2250000,1636800.0
1029,2483,2012,199900,154052.0
1030,2484,2009,147500,138987.0
1031,2485,2017,2257000,1248639.0
1032,2485,2016,2400000,1199971.0
1033,2486,2011,122000,145007.0
1034,2488,2019,5500000,2969281.0
1035,2488,2017,6900000,4081233.0
1036,2490,2016,269900,157531.0
1037,2490,2014,274900,130191.0
1038,2491,2019,224999,165041.0
1039,2491,2013,75000,88887.0
1040,2493,2016,232000,175833.0
1041,2493,2012,112000,111191.0
1042,2498,2019,495000,255303.0
1043,2498,2013,100000,142144.0
1044,2498,2010,150000,149136.0
1045,2499,2011,299000,301687.0
1046,2500,2013,279900,242879.0
1047,2500,2013,279900,242879.0
1048,2503,2018,695000,286776.0
1049,2507,2016,210000,131006.0
1050,2509,2016,835000,715717.0
1051,2510,2020,299950,239550.0
1052,2510,2020,299950,239550.0
1053,2512,2019,2750000,2932600.0
1054,2512,2016,3725000,3353499.0
1055,2512,2015,4325000,3353499.0
1056,2512,2014,5300000,3146873.0
1057,2515,2017,260000,238311.0
1058,2515,2013,189900,150596.0
1059,2516,2018,350000,281019.0
1060,2516,2010,169900,176744.0
1061,2518,2019,2700000,3863449.0
1062,2518,2018,3000000,3983454.0
1063,2518,2018,3500000,3983454.0
1064,2518,2016,5150000,3398341.0
1065,2518,2014,8950000,2808546.0
1066,2520,2015,275000,262214.0
1067,2520,2010,219900,220278.0
1068,2523,2010,210000,208404.0
1069,2528,2018,474900,395861.0
1070,2529,2015,1190000,984339.0
1071,2529,2014,1190000,894854.0
1072,2529,2009,974900,881313.0
1073,2530,2016,2600,374992.0
1074,2532,2019,279900,280843.0
1075,2532,2019,279900,280843.0
1076,2532,2019,279900,280843.0
1077,2532,2018,285000,275860.0
1078,2532,2015,240000,203881.0
1079,2532,2015,240000,203881.0
1080,2533,2018,498000,476968.0
1081,2533,2018,498000,476968.0
1082,2534,2019,74900,127456.0
1083,2534,2010,49900,55614.0
1084,2534,2010,49900,55614.0
1085,2535,2019,360000,369400.0
1086,2535,2014,329000,214620.0
1087,2536,2018,945000,807441.0
1088,2539,2018,339900,308067.0
1089,2544,2017,350000,260945.0
1090,2545,2009,699000,265346.0
1091,2545,2009,699000,265346.0
1092,2545,2007,799000,292957.0
1093,2546,2017,425000,296915.0
1094,2546,2016,319900,260934.0
1095,2549,2019,525000,504930.0
1096,2549,2011,400000,346790.0
1097,2551,2019,163500,149724.0
1098,2552,2019,95000,82500.0
1099,2557,2014,3600,554136.0
1100,2558,2016,499000,386731.0
1101,2558,2016,514900,386731.0
1102,2558,2009,414900,302452.0
1103,2568,2017,350000,309990.0
1104,2568,2015,305000,261582.0
1105,2569,2014,1550000,1305137.0
1106,2573,2018,219333,211238.0
1107,2580,2011,189900,139464.0
1108,2582,2017,353000,293777.0
1109,2583,2019,175000,167100.0
1110,2585,2019,299000,277327.0
1111,2585,2015,229000,200349.0
1112,2586,2011,279500,292241.0
1113,2587,2013,399900,332139.0
1114,2587,2011,369900,316371.0
1115,2593,2009,150000,162707.0
1116,2596,2010,1600000,748690.0
1117,2598,2016,180500,133910.0
1118,2599,2016,500000,372183.0
1119,2600,2018,3195000,2770799.0
1120,2600,2017,3250000,2373636.0
1121,2600,2016,3395000,2373636.0
1122,2600,2015,3850000,2373636.0
1123,2602,2013,1895000,190170.0
1124,2603,2013,245000,111206.0
1125,2604,2017,199000,531800.0
1126,2604,2017,199000,531800.0
1127,2604,2011,109900,414918.0
1128,2604,2011,109900,414918.0
1129,2605,2016,595000,1187307.0
1130,2608,2019,309990,527297.0
1131,2615,2019,95000,321839.0
1132,2615,2019,79000,321839.0
1133,2615,2018,89000,270500.0
1134,2616,2013,275000,35000.0
1135,2617,2018,465000,226153.0
1136,2617,2018,465000,226153.0
1137,2619,2014,189900,223781.0
1138,2620,2019,399000,428200.0
1139,2624,2016,875000,75702.0
1140,2625,2019,1950000,241152.0
1141,2625,2015,987500,172638.0
1142,2625,2010,745000,161176.0
1143,2627,2019,309995,630733.0
1144,2627,2017,224995,674150.0
1145,2627,2017,224995,674150.0
1146,2630,2019,445000,426421.0
1147,2639,2019,291990,138125.0
1148,2640,2018,145000,184016.0
1149,2640,2016,150000,136696.0
1150,2641,2019,191000,247429.0
1151,2641,2018,190000,226315.0
1152,2642,2017,340000,123836.0
1153,2645,2016,899000,336108.0
1154,2649,2015,669000,65764.0
1155,2651,2011,624429,184000.0
1156,2654,2011,349900,208020.0
1157,2655,2013,238000,465137.0
1158,2659,2019,254990,222302.0
1159,2660,2018,229900,2917354.0
1160,2671,2017,425000,408158.0
1161,2676,2018,650000,349466.0
1162,2676,2018,650000,349466.0
1163,2676,2018,700000,349466.0
1164,2681,2011,164900,498892.0
1165,2682,2015,845000,205045.0
1166,2682,2014,759000,154000.0
1167,2682,2014,759000,154000.0
1168,2686,2011,950000,196669.0
1169,2688,2018,319900,259914.0
1170,2689,2013,229000,253110.0
1171,2690,2018,384999,604500.0
1172,2690,2017,414900,594000.0
1173,2690,2016,374950,598950.0
1174,2690,2013,294900,450000.0
1175,2706,2016,595000,1050214.0
1176,2706,2010,599000,625701.0
1177,2707,2019,1245000,713189.0
1178,2707,2018,1295000,659400.0
1179,2707,2015,1088000,570884.0
1180,2707,2008,749900,338922.0
1181,2708,2013,665000,28855.0
1182,2709,2017,649900,260247.0
1183,2709,2017,649900,260247.0
1184,2709,2017,649900,260247.0
1185,2709,2016,679000,259560.0
1186,2710,2013,232000,81926.0
1187,2712,2018,580000,299186.0
1188,2712,2018,595000,299186.0
1189,2716,2020,4250000,313410.0
1190,2716,2020,4250000,313410.0
1191,2726,2019,95000,577652.0
1192,2726,2019,79000,577652.0
1193,2726,2018,89000,451417.0
1194,2729,2017,149900,206901.0
1195,2733,2020,321990,305712.0
1196,2736,2019,299990,3447043.0
1197,2737,2019,4200000,1026822.0
1198,2737,2013,4000000,726328.0
1199,2737,2009,3300000,636838.0
1200,2738,2012,849000,156462.0
1201,2738,2010,869000,199566.0
1202,2745,2017,325000,510679.0
1203,2753,2019,335000,677375.0
1204,2753,2018,340000,670386.0
1205,2753,2018,360000,670386.0
1206,2756,2010,470000,258016.0
1207,2761,2019,279990,592691.0
1208,2766,2018,139900,534570.0
1209,2766,2018,139900,534570.0
1210,2766,2018,139900,534570.0
1211,2768,2016,1019000,646121.0
1212,2768,2014,899900,595000.0
1213,2771,2019,945000,256974.0
1214,2771,2019,945000,256974.0
1215,2771,2018,995000,65776.0
1216,2774,2018,1600000,339896.0
1217,2779,2019,450000,1287000.0
1218,2784,2019,296990,359761.0
1219,2786,2019,5900000,402600.0
1220,2791,2019,395000,208755.0
1221,2796,2019,185000,211048.0
1222,2796,2019,220000,211048.0
1223,2800,2019,319990,448745.0
1224,2811,2018,385000,464638.0
1225,2811,2018,385000,464638.0
1226,2811,2017,395000,422000.0
1227,2814,2019,740000,1119531.0
1228,2814,2017,740000,1074505.0
1229,2814,2011,439000,288933.0
1230,2820,2017,282000,75000.0
1231,2829,2019,1795000,329708.0
1232,2831,2017,310000,252673.0
1233,2835,2019,324990,544200.0
1234,2840,2014,525000,870474.0
1235,2843,2014,396250,98519.0
1236,2859,2016,399000,313001.0
1237,2860,2014,245000,333986.0
1238,2860,2012,225000,288414.0
1239,2866,2009,229000,156254.0
1240,2867,2018,389900,329907.0
1241,2873,2018,355000,32779.0
1242,2878,2010,134900,246196.0
1243,2881,2019,310000,66525.0
1244,2881,2011,179900,79435.0
1245,2893,2019,624900,12000.0
1246,2902,2016,null,142801.0
1247,2908,2019,955500,75000.0
1248,2908,2015,780000,47500.0
1249,2910,2019,600000,741617.0
1250,2921,2018,295000,995761.0
1251,2923,2015,598000,55000.0
1252,2923,2014,599000,55000.0
1253,2925,2009,59000,111923.0
1254,2934,2018,815000,231887.0
1255,2939,2019,949000,148750.0
1256,2943,2019,2800000,12900.0
1257,2949,2019,283350,1468241.0
1258,2949,2019,850000,1468241.0
1259,2949,2018,245000,1690379.0
1260,2958,2012,3080000,39290.0
1261,2958,2011,3200000,39290.0
1262,2977,2019,2949000,132127.0
1263,2984,2019,5475000,884550.0
1264,2994,2018,350000,192500.0
1265,2994,2018,400000,192500.0
1266,3008,2019,550000,384565.0
1267,3013,2019,283350,758400.0
1268,3013,2019,850000,758400.0
1269,3020,2017,389900,497320.0
1270,3020,2009,289983,486150.0
1271,3021,2014,365000,57113.0
1272,3023,2013,434900,89835.0
1273,3023,2013,580000,89835.0
1274,3023,2011,585000,92470.0
1275,3040,2014,599000,132473.0
1276,3040,2010,75000,115410.0
1277,3041,2019,525000,442600.0
1278,3111,2018,1850000,154000.0
1279,3113,2019,1399000,534917.0
1280,3137,2019,357000,180986.0
1281,3139,2017,645000,197913.0
1282,3141,2014,449900,214622.0
1283,3141,2014,475000,214622.0
1284,3150,2019,14900000,379750.0
1285,3150,2013,9700000,260383.0
1286,3150,2012,10900000,266888.0
1287,3150,2012,12000000,266888.0
1288,3156,2010,257000,121841.0
1289,3159,2017,225000,497070.0
1290,3168,2019,273000,219613.0
1291,3168,2013,154200,86414.0
